date,data-in/gdp.csv value, data-in/gdp.csv chg pct,data-in/manufacture-orders.csv value, data-in/manufacture-orders.csv chg pct,data-in/manufacture-durable.csv value, data-in/manufacture-durable.csv chg pct,data-in/spy.csv LOW, data-in/spy.csv HIGH, data-in/spy.csv ClOSE,data-in/gld.csv LOW, data-in/gld.csv HIGH, data-in/gld.csv ClOSE,data-in/slv.csv LOW, data-in/slv.csv HIGH, data-in/slv.csv ClOSE,
1191816000,14668.4,-0.115081067462017,470388,2.58967010821916,232433,1.38092267967043,154.539993,157.520004,156.330002,72.099998,74.589996,74.589996,131.26001,138.199997,137.399994
1192420800,14668.4,-0.115081067462017,470388,2.58967010821916,232433,1.38092267967043,149.660004,156.479996,149.669998,73.779999,76.290001,75.699997,131.199997,139.069992,134.540009
1193025600,14668.4,-0.115081067462017,470388,2.58967010821916,232433,1.38092267967043,148.660004,153.619995,153.619995,73.839996,77.739998,77.690002,132.62999,141.550003,141.330002
1193630400,14668.4,-0.115081067462017,470388,2.58967010821916,232433,1.38092267967043,149.210007,155.270004,151.199997,76.889999,79.900002,79.830002,138.190002,145.76001,145.300003
1194238800,14668.4,-0.115081067462017,479247,1.88333886068522,242879,4.49419832812036,144.889999,152.110001,145.139999,79.110001,83.629997,82.18,143.900009,157.199997,152.899994
1194843600,14668.4,-0.115081067462017,479247,1.88333886068522,242879,4.49419832812036,143.699997,149.399994,145.789993,77.169998,80.68,77.75,142.360001,150.080002,143.399994
1195448400,14668.4,-0.115081067462017,479247,1.88333886068522,242879,4.49419832812036,141.669998,145.529999,144.130005,76.110001,81.610001,81.25,140.029999,147.800003,146.630005
1196053200,14668.4,-0.115081067462017,479247,1.88333886068522,242879,4.49419832812036,140.660004,149.869995,148.660004,76.980003,82.25,77.32,137.00,147.930008,139.00
1196658000,14668.4,-0.115081067462017,475044,-0.877000794997152,237274,-2.30773348045735,146.309998,151.50,150.910004,77.300003,79.650002,78.599998,138.100006,144.660004,142.759995
1197262800,14668.4,-0.115081067462017,475044,-0.877000794997152,237274,-2.30773348045735,147.100006,152.889999,147.169998,77.82,80.919998,78.519997,136.410004,146.730011,137.389999
1197867600,14668.4,-0.115081067462017,475044,-0.877000794997152,237274,-2.30773348045735,143.960007,148.419998,148.130005,77.809998,80.32,80.099998,135.880005,143.300003,142.149994
1198472400,14668.4,-0.115081067462017,475044,-0.877000794997152,237274,-2.30773348045735,146.899994,149.679993,147.300003,80.139999,83.019997,83.00,143.00,147.650009,146.520004
1199077200,14668.4,-0.115081067462017,475044,-0.877000794997152,237274,-2.30773348045735,140.910004,147.610001,141.309998,81.980003,85.940002,85.129997,145.830002,153.00,151.669998
1199682000,14813.0,0.985792588148676,469952,-1.07190070814493,233810,-1.45991554068292,137.699997,142.899994,140.149994,84.57,88.760002,88.580002,149.669998,161.839996,160.769989
1200286800,14813.0,0.985792588148676,469952,-1.07190070814493,233810,-1.45991554068292,131.100006,141.860001,132.059998,86.32,90.349998,87.419998,155.830002,164.449997,160.300003
1200978000,14813.0,0.985792588148676,469952,-1.07190070814493,233810,-1.45991554068292,126.00,136.759995,133.039993,85.769997,91.080002,90.300003,154.419998,163.990005,162.980011
1201496400,14813.0,0.985792588148676,469952,-1.07190070814493,233810,-1.45991554068292,132.059998,139.610001,139.580002,89.220001,92.580002,89.349998,163.110016,170.389999,166.190002
1202101200,14813.0,0.985792588148676,469770,-0.0387273593898951,230770,-1.30020101792053,131.729996,139.300003,133.070007,87.300003,91.00,91.00,161.100006,170.330017,170.259995
1202706000,14813.0,0.985792588148676,469770,-0.0387273593898951,230770,-1.30020101792053,132.039993,137.059998,135.139999,88.629997,91.459999,89.150002,168.040009,174.459991,169.519989
1203397200,14813.0,0.985792588148676,469770,-0.0387273593898951,230770,-1.30020101792053,132.860001,137.009995,135.619995,90.75,94.220001,93.389999,171.600006,180.160004,179.160004
1203915600,14813.0,0.985792588148676,469770,-0.0387273593898951,230770,-1.30020101792053,132.779999,139.139999,133.820007,92.110001,96.239998,96.18,177.320007,197.190002,196.679993
1204520400,14813.0,0.985792588148676,477149,1.57076867403197,229958,-0.351865493781687,128.580002,134.770004,129.710007,94.389999,98.150002,96.089996,193.649994,206.800003,200.400009
1205121600,14813.0,0.985792588148676,477149,1.57076867403197,229958,-0.351865493781687,127.589996,133.770004,129.610001,94.879997,99.529999,98.709999,191.139999,207.299988,204.209991
1205726400,14813.0,0.985792588148676,477149,1.57076867403197,229958,-0.351865493781687,126.07,134.649994,132.080002,89.800003,100.440002,89.910004,165.139999,205.319992,167.01001
1206331200,14813.0,0.985792588148676,477149,1.57076867403197,229958,-0.351865493781687,131.059998,135.809998,131.509995,89.779999,94.089996,91.879997,166.669998,184.779999,177.50
1206936000,14813.0,0.985792588148676,477149,1.57076867403197,229958,-0.351865493781687,131.089996,137.960007,136.889999,86.050003,92.650002,90.25,161.709991,180.039993,176.149994
1207540800,14843.0,0.202524809289138,481155,0.839570029487644,230207,0.108280642552118,133.009995,138.570007,133.380005,89.720001,92.559998,91.300003,173.110016,182.180008,175.779999
1208145600,14843.0,0.202524809289138,481155,0.839570029487644,230207,0.108280642552118,132.330002,139.559998,138.479996,88.959999,93.709999,90.620003,173.320007,183.899994,176.709991
1208750400,14843.0,0.202524809289138,481155,0.839570029487644,230207,0.108280642552118,136.899994,139.889999,139.600006,87.099998,91.349998,87.269997,164.970001,177.819992,166.849991
1209355200,14843.0,0.202524809289138,481155,0.839570029487644,230207,0.108280642552118,138.259995,142.369995,141.509995,83.57,88.400002,84.580002,158.399994,170.00,162.570007
1209960000,14843.0,0.202524809289138,487303,1.27775872639794,229634,-0.248906419005504,138.449997,142.199997,138.899994,85.199997,87.589996,87.419998,163.139984,168.410004,166.650009
1210564800,14843.0,0.202524809289138,487303,1.27775872639794,229634,-0.248906419005504,138.729996,142.869995,142.660004,84.919998,89.300003,89.099998,163.509995,171.609985,167.50
1211169600,14843.0,0.202524809289138,487303,1.27775872639794,229634,-0.248906419005504,137.520004,144.300003,137.639999,88.870003,92.110001,91.230003,166.660004,181.130005,180.209991
1211860800,14843.0,0.202524809289138,487303,1.27775872639794,229634,-0.248906419005504,137.529999,140.929993,140.350006,86.099998,89.870003,87.449997,163.309998,176.480011,166.730011
1212379200,14843.0,0.202524809289138,481997,-1.0888502635937,223764,-2.55624167152948,136.220001,140.889999,136.289993,85.660004,89.059998,89.059998,163.290009,174.130005,174.00
1212984000,14843.0,0.202524809289138,481997,-1.0888502635937,223764,-2.55624167152948,133.520004,137.50,136.149994,84.830002,89.239998,85.830002,161.350006,172.850006,163.309998
1213588800,14843.0,0.202524809289138,481997,-1.0888502635937,223764,-2.55624167152948,131.220001,137.119995,131.580002,86.699997,89.610001,88.949997,167.259995,174.690002,171.959991
1214193600,14843.0,0.202524809289138,481997,-1.0888502635937,223764,-2.55624167152948,127.040001,133.399994,127.529999,86.129997,91.82,91.470001,163.110016,174.929993,173.300003
1214798400,14843.0,0.202524809289138,481997,-1.0888502635937,223764,-2.55624167152948,124.989998,129.160004,126.309998,90.529999,93.349998,92.059998,170.240005,182.149994,180.009995
1215403200,14549.9,-1.97466819376137,466859,-3.14068344823723,216357,-3.31018394379793,122.489998,127.739998,123.839996,89.93,95.50,95.160004,173.229996,187.099991,186.389999
1216008000,14549.9,-1.97466819376137,466859,-3.14068344823723,216357,-3.31018394379793,120.019997,126.419998,125.980003,94.019997,97.50,94.169998,178.580002,191.690002,179.680008
1216612800,14549.9,-1.97466819376137,466859,-3.14068344823723,216357,-3.31018394379793,124.849998,129.149994,125.480003,90.25,95.860001,91.690002,16.870001,183.970001,17.25
1217217600,14549.9,-1.97466819376137,466859,-3.14068344823723,216357,-3.31018394379793,123.419998,128.600006,126.160004,88.080002,92.00,89.57,16.629999,17.68,17.280001
1217822400,14549.9,-1.97466819376137,448342,-3.96629389173176,210859,-2.54117038043604,124.760002,129.929993,129.369995,83.830002,89.68,84.43,15.08,17.26,15.19
1218427200,14549.9,-1.97466819376137,448342,-3.96629389173176,210859,-2.54117038043604,127.669998,131.509995,130.169998,76.610001,84.489998,77.629997,12.61,15.24,12.70
1219032000,14549.9,-1.97466819376137,448342,-3.96629389173176,210859,-2.54117038043604,126.339996,130.479996,129.649994,77.699997,84.540001,81.080002,12.67,13.75,13.26
1219636800,14549.9,-1.97466819376137,448342,-3.96629389173176,210859,-2.54117038043604,126.580002,130.339996,128.789993,80.559998,83.129997,81.709999,13.18,13.80,13.37
1220328000,14549.9,-1.97466819376137,419252,-6.48835041107012,192059,-8.91591063222343,122.00,130.710007,124.419998,77.980003,80.269997,78.980003,11.93,13.07,12.03
1220846400,14549.9,-1.97466819376137,419252,-6.48835041107012,192059,-8.91591063222343,121.599998,128.240005,126.089996,72.510002,80.349998,75.550003,10.15,12.44,10.75
1221451200,14549.9,-1.97466819376137,419252,-6.48835041107012,192059,-8.91591063222343,113.800003,128.00,124.120003,76.00,90.779999,85.980003,10.28,12.86,12.46
1222056000,14549.9,-1.97466819376137,419252,-6.48835041107012,192059,-8.91591063222343,117.790001,124.75,120.849998,85.010002,90.169998,86.639999,12.83,13.62,13.15
1222660800,14549.9,-1.97466819376137,419252,-6.48835041107012,192059,-8.91591063222343,109.68,119.339996,110.339996,81.050003,92.00,82.589996,10.70,13.37,10.99
1223265600,14383.9,-1.14090131203651,387851,-7.48976749067387,183989,-4.20183381148501,83.580002,107.620003,88.50,81.379997,90.839996,83.220001,9.27,11.98,9.80
1223870400,14383.9,-1.14090131203651,387851,-7.48976749067387,183989,-4.20183381148501,86.540001,105.529999,93.209999,75.00,84.389999,77.209999,9.00,10.94,9.23
1224475200,14383.9,-1.14090131203651,387851,-7.48976749067387,183989,-4.20183381148501,84.00,99.099998,87.040001,66.00,78.559998,72.209999,8.66,10.10,9.13
1225080000,14383.9,-1.14090131203651,387851,-7.48976749067387,183989,-4.20183381148501,83.699997,98.57,96.830002,70.599998,76.360001,71.339996,8.45,10.06,9.58
1225688400,14383.9,-1.14090131203651,364127,-6.11678196008261,173900,-5.48347999065161,90.059998,100.860001,93.860001,71.059998,75.690002,72.50,9.58,10.67,9.94
1226293200,14383.9,-1.14090131203651,364127,-6.11678196008261,173900,-5.48347999065161,82.089996,95.529999,86.620003,68.809998,74.919998,73.300003,8.69,10.41,9.36
1226898000,14383.9,-1.14090131203651,364127,-6.11678196008261,173900,-5.48347999065161,74.339996,88.559998,79.519997,72.00,79.00,78.849998,8.71,9.75,9.52
1227502800,14383.9,-1.14090131203651,364127,-6.11678196008261,173900,-5.48347999065161,80.360001,90.129997,90.089996,79.279999,81.720001,80.309998,9.91,10.55,10.23
1228107600,14383.9,-1.14090131203651,364127,-6.11678196008261,173900,-5.48347999065161,81.860001,88.419998,87.93,72.910004,77.629997,74.519997,9.02,9.62,9.40
1228712400,14383.9,-1.14090131203651,344445,-5.4052569570507,153310,-11.8401380103508,85.199997,92.379997,88.989998,75.300003,81.940002,80.809998,9.58,10.39,10.14
1229317200,14383.9,-1.14090131203651,344445,-5.4052569570507,153310,-11.8401380103508,86.290001,92.43,88.190002,81.230003,86.910004,82.629997,10.15,11.48,10.67
1229922000,14383.9,-1.14090131203651,344445,-5.4052569570507,153310,-11.8401380103508,85.489998,88.669998,87.160004,81.589996,85.970001,85.599998,10.00,10.85,10.64
1230526800,14383.9,-1.14090131203651,344445,-5.4052569570507,153310,-11.8401380103508,85.599998,93.440002,92.959999,84.279999,87.099998,86.230003,10.62,11.43,11.41
1231131600,14340.4,-0.302421457323813,339148,-1.5378362292964,145602,-5.02772160981019,85.360001,94.449997,89.089996,82.209999,85.699997,83.919998,10.66,11.47,11.10
1231736400,14340.4,-0.302421457323813,339148,-1.5378362292964,145602,-5.02772160981019,81.720001,88.910004,85.059998,78.870003,83.00,82.709999,10.20,11.16,11.11
1232427600,14340.4,-0.302421457323813,339148,-1.5378362292964,145602,-5.02772160981019,80.050003,85.059998,83.110001,82.980003,88.940002,88.529999,10.92,11.95,11.85
1232946000,14340.4,-0.302421457323813,339148,-1.5378362292964,145602,-5.02772160981019,82.209999,87.949997,82.830002,86.279999,91.489998,91.309998,11.65,12.53,12.52
1233550800,14340.4,-0.302421457323813,332418,-1.98438439855166,145571,-0.0212909163335668,77.730003,87.339996,86.980003,86.00,92.580002,89.589996,12.02,13.04,12.91
1234155600,14340.4,-0.302421457323813,332418,-1.98438439855166,145571,-0.0212909163335668,81.050003,87.739998,82.760002,87.599998,93.739998,92.550003,12.65,13.55,13.54
1234846800,14340.4,-0.302421457323813,332418,-1.98438439855166,145571,-0.0212909163335668,75.769997,82.959999,77.419998,94.669998,98.989998,97.800003,13.71,14.44,14.25
1235365200,14340.4,-0.302421457323813,332418,-1.98438439855166,145571,-0.0212909163335668,73.809998,79.669998,73.93,91.029999,98.220001,92.629997,12.65,14.45,12.88
1235970000,14340.4,-0.302421457323813,331256,-0.349559891461955,144239,-0.91501741418277,67.099998,73.919998,68.919998,88.449997,93.610001,92.290001,12.26,13.44,13.18
1236571200,14340.4,-0.302421457323813,331256,-0.349559891461955,144239,-0.91501741418277,67.730003,76.980003,76.089996,87.470001,92.330002,91.300003,12.31,13.25,13.05
1237176000,14340.4,-0.302421457323813,331256,-0.349559891461955,144239,-0.91501741418277,75.449997,81.00,76.709999,86.830002,94.769997,93.589996,11.75,13.69,13.61
1237780800,14340.4,-0.302421457323813,331256,-0.349559891461955,144239,-0.91501741418277,78.309998,83.300003,81.610001,90.25,93.910004,90.690002,12.97,13.73,13.15
1238385600,14340.4,-0.302421457323813,331256,-0.349559891461955,144239,-0.91501741418277,77.959999,84.610001,84.260002,87.519997,91.809998,87.589996,12.41,13.16,12.60
1238990400,14384.1,0.304733480237655,341050,2.95662569130823,150641,4.43846671149966,81.510002,85.82,85.809998,84.970001,88.260002,86.309998,11.94,12.26,12.17
1239595200,14384.1,0.304733480237655,341050,2.95662569130823,150641,4.43846671149966,83.610001,87.650002,87.080002,84.919998,88.449997,85.220001,11.64,12.68,11.68
1240200000,14384.1,0.304733480237655,341050,2.95662569130823,150641,4.43846671149966,82.75,87.309998,86.660004,86.00,89.839996,89.720001,11.72,12.81,12.67
1240804800,14384.1,0.304733480237655,341050,2.95662569130823,150641,4.43846671149966,84.760002,89.019997,87.889999,86.540001,89.790001,86.949997,12.02,12.88,12.31
1241409600,14384.1,0.304733480237655,344715,1.07462248937106,145782,-3.22554948519991,88.379997,93.220001,92.980003,87.550003,90.300003,89.980003,12.41,13.89,13.79
1242014400,14384.1,0.304733480237655,344715,1.07462248937106,145782,-3.22554948519991,88.150002,92.110001,88.709999,89.50,91.809998,91.550003,13.62,14.06,13.77
1242619200,14384.1,0.304733480237655,344715,1.07462248937106,145782,-3.22554948519991,88.260002,92.800003,89.019997,90.139999,94.419998,94.150002,13.42,14.56,14.50
1243310400,14384.1,0.304733480237655,344715,1.07462248937106,145782,-3.22554948519991,88.32,93.699997,92.529999,92.849998,96.349998,96.199997,14.20,15.48,15.47
1243828800,14384.1,0.304733480237655,344715,1.07462248937106,145782,-3.22554948519991,92.760002,95.669998,94.550003,93.57,96.970001,93.709999,14.93,15.78,15.01
1244433600,14384.1,0.304733480237655,351517,1.97322425772015,156180,7.13256780672511,93.040001,96.110001,95.080002,92.00,94.529999,92.169998,14.51,15.32,14.63
1245038400,14384.1,0.304733480237655,351517,1.97322425772015,156180,7.13256780672511,90.830002,94.019997,92.040001,90.150002,92.50,91.900002,13.82,14.21,13.99
1245643200,14384.1,0.304733480237655,351517,1.97322425772015,156180,7.13256780672511,88.849998,92.239998,91.839996,89.949997,92.93,92.290001,13.43,14.04,13.90
1246248000,14384.1,0.304733480237655,351517,1.97322425772015,156180,7.13256780672511,89.760002,93.230003,89.809998,90.529999,93.00,91.25,13.14,13.79,13.16
1246852800,14566.5,1.26806682378459,356996,1.55867283801352,157966,1.14355231143552,87.00,89.93,87.959999,88.82,91.379997,89.580002,12.34,13.10,12.50
1247457600,14566.5,1.26806682378459,356996,1.55867283801352,157966,1.14355231143552,87.589996,94.510002,94.129997,89.099998,92.519997,91.93,12.27,13.29,13.17
1248062400,14566.5,1.26806682378459,356996,1.55867283801352,157966,1.14355231143552,94.190002,98.139999,98.059998,92.690002,94.00,93.410004,13.21,13.69,13.66
1248667200,14566.5,1.26806682378459,356996,1.55867283801352,157966,1.14355231143552,96.980003,99.830002,98.809998,90.809998,94.029999,93.349998,12.97,13.88,13.70
1249272000,14566.5,1.26806682378459,359083,0.584600387679414,157328,-0.403884380183077,99.309998,102.029999,101.199997,93.599998,95.25,93.75,14.00,14.75,14.39
1249876800,14566.5,1.26806682378459,359083,0.584600387679414,157328,-0.403884380183077,99.459999,101.610001,100.790001,92.400002,94.050003,93.00,14.01,14.80,14.43
1250481600,14566.5,1.26806682378459,359083,0.584600387679414,157328,-0.403884380183077,98.110001,103.129997,102.970001,91.279999,93.800003,93.650002,13.33,14.04,13.92
1251086400,14566.5,1.26806682378459,359083,0.584600387679414,157328,-0.403884380183077,101.940002,104.349998,103.379997,91.639999,94.150002,93.870003,13.83,14.62,14.50
1251691200,14566.5,1.26806682378459,359083,0.584600387679414,157328,-0.403884380183077,99.57,103.239998,102.059998,92.919998,97.940002,97.529999,14.34,16.08,15.97
1252382400,14566.5,1.26806682378459,368385,2.59048743605239,162553,3.3210871554968,102.389999,105.300003,104.769997,96.849998,99.330002,98.779999,15.98,16.690001,16.50
1252900800,14566.5,1.26806682378459,368385,2.59048743605239,162553,3.3210871554968,103.150002,108.059998,106.720001,97.559998,100.080002,98.669998,16.209999,17.26,16.700001
1253505600,14566.5,1.26806682378459,368385,2.59048743605239,162553,3.3210871554968,104.089996,108.029999,104.449997,96.769997,99.889999,97.00,15.72,16.950001,15.74
1254110400,14566.5,1.26806682378459,368385,2.59048743605239,162553,3.3210871554968,101.989998,107.019997,102.489998,96.949997,99.059998,98.370003,15.73,16.440001,15.82
1254715200,14681.1,0.786736690351151,371152,0.751116359243726,161811,-0.456466506308712,102.599998,107.260002,107.260002,98.360001,104.150002,102.839996,15.87,17.620001,17.440001
1255320000,14681.1,0.786736690351151,371152,0.751116359243726,161811,-0.456466506308712,106.760002,109.709999,108.889999,102.529999,104.699997,103.18,17.01,17.639999,17.18
1255924800,14681.1,0.786736690351151,371152,0.751116359243726,161811,-0.456466506308712,107.50,110.309998,108.080002,102.75,104.580002,103.489998,17.030001,17.629999,17.40
1256529600,14681.1,0.786736690351151,371152,0.751116359243726,161811,-0.456466506308712,103.440002,109.309998,103.559998,100.650002,103.970001,102.529999,15.82,17.469999,16.07
1257138000,14681.1,0.786736690351151,369444,-0.460188817519507,159408,-1.4850659102286,103.080002,107.400002,107.129997,103.25,108.040001,107.43,16.00,17.33,17.09
1257742800,14681.1,0.786736690351151,369444,-0.460188817519507,159408,-1.4850659102286,107.870003,110.82,109.620003,107.699997,109.800003,109.739998,16.73,17.42,17.15
1258347600,14681.1,0.786736690351151,369444,-0.460188817519507,159408,-1.4850659102286,109.010002,111.690002,109.43,110.650002,113.089996,112.940002,17.530001,18.52,18.219999
1258952400,14681.1,0.786736690351151,369444,-0.460188817519507,159408,-1.4850659102286,108.290001,111.739998,109.57,113.019997,116.879997,115.059998,17.60,18.610001,17.950001
1259557200,14681.1,0.786736690351151,369444,-0.460188817519507,159408,-1.4850659102286,108.120003,112.379997,111.010002,112.410004,119.540001,113.75,17.799999,19.110001,18.15
1260162000,14681.1,0.786736690351151,394012,6.64999296239755,182190,14.2916290274014,109.019997,111.529999,111.110001,108.720001,114.220001,109.32,16.58,18.02,16.870001
1260766800,14681.1,0.786736690351151,394012,6.64999296239755,182190,14.2916290274014,109.279999,112.129997,110.209999,107.040001,111.910004,108.949997,16.77,17.48,16.950001
1261371600,14681.1,0.786736690351151,394012,6.64999296239755,182190,14.2916290274014,110.760002,112.599998,112.480003,105.309998,109.300003,108.360001,16.450001,17.200001,17.17
1261976400,14681.1,0.786736690351151,394012,6.64999296239755,182190,14.2916290274014,111.389999,113.029999,111.440002,106.400002,108.779999,107.309998,16.450001,17.299999,16.540001
1262581200,14888.6,1.41338183106171,389659,-1.10478868663899,176104,-3.34046874142379,111.510002,114.620003,114.57,109.260002,111.769997,111.370003,17.02,18.16,18.15
1263186000,14888.6,1.41338183106171,389659,-1.10478868663899,176104,-3.34046874142379,113.199997,115.139999,113.639999,109.57,113.589996,110.860001,17.809999,18.450001,18.049999
1263877200,14888.6,1.41338183106171,389659,-1.10478868663899,176104,-3.34046874142379,109.089996,115.129997,109.209999,106.010002,111.75,107.169998,16.549999,18.450001,16.780001
1264395600,14888.6,1.41338183106171,389659,-1.10478868663899,176104,-3.34046874142379,107.220001,110.470001,107.389999,105.18,108.800003,105.959999,15.70,16.860001,15.90
1265000400,14888.6,1.41338183106171,389659,-1.10478868663899,176104,-3.34046874142379,104.580002,110.589996,106.660004,102.279999,109.599998,104.68,14.37,16.469999,14.90
1265605200,14888.6,1.41338183106171,399065,2.41390549172482,180182,2.31567709989552,105.809998,108.25,108.040001,104.00,107.559998,107.040001,14.69,15.46,15.24
1266296400,14888.6,1.41338183106171,399065,2.41390549172482,180182,2.31567709989552,107.82,111.57,111.139999,108.809998,110.389999,109.470001,15.49,16.200001,15.97
1266814800,14888.6,1.41338183106171,399065,2.41390549172482,180182,2.31567709989552,108.940002,111.580002,110.739998,106.599998,109.970001,109.43,15.35,16.219999,16.07
1267419600,14888.6,1.41338183106171,399065,2.41390549172482,180182,2.31567709989552,111.169998,114.339996,114.25,108.970001,112.18,110.809998,16.10,17.16,17.01
1268024400,14888.6,1.41338183106171,405759,1.67742097152093,187405,4.00872451188243,113.870003,115.970001,115.459999,107.449997,111.300003,107.949997,16.559999,17.309999,16.76
1268625600,14888.6,1.41338183106171,405759,1.67742097152093,187405,4.00872451188243,114.599998,117.480003,115.970001,107.82,110.610001,108.279999,16.639999,17.200001,16.65
1269230400,14888.6,1.41338183106171,405759,1.67742097152093,187405,4.00872451188243,115.239998,118.169998,116.580002,106.239998,108.699997,108.589996,16.25,16.82,16.610001
1269835200,14888.6,1.41338183106171,405759,1.67742097152093,187405,4.00872451188243,116.610001,118.25,117.800003,107.870003,110.470001,110.260002,16.889999,17.639999,17.540001
1270440000,15057.7,1.13576830595221,401428,-1.06738236243682,186349,-0.563485499319655,117.599998,119.599998,119.550003,110.269997,114.07,113.639999,17.559999,18.08,18.01
1271044800,15057.7,1.13576830595221,401428,-1.06738236243682,186349,-0.563485499319655,118.75,121.57,119.360001,110.540001,114.129997,111.239998,17.26,18.17,17.41
1271649600,15057.7,1.13576830595221,401428,-1.06738236243682,186349,-0.563485499319655,118.470001,121.860001,121.809998,110.669998,113.300003,113.190002,17.25,17.91,17.91
1272254400,15057.7,1.13576830595221,401428,-1.06738236243682,186349,-0.563485499319655,118.25,122.120003,118.809998,112.339996,115.699997,115.360001,17.48,18.40,18.26
1272859200,15057.7,1.13576830595221,401266,-0.0403559293322837,186485,0.0729813414614514,105.00,120.68,111.260002,113.309998,118.879997,118.269997,16.73,18.50,18.00
1273464000,15057.7,1.13576830595221,401266,-0.0403559293322837,186485,0.0729813414614514,112.870003,117.68,113.889999,116.809998,122.239998,120.370003,18.049999,19.440001,18.93
1274068800,15057.7,1.13576830595221,401266,-0.0403559293322837,186485,0.0729813414614514,105.360001,115.220001,109.110001,114.510002,121.120003,115.220001,17.049999,18.99,17.290001
1274673600,15057.7,1.13576830595221,401266,-0.0403559293322837,186485,0.0729813414614514,104.379997,110.800003,109.370003,116.040001,119.080002,118.879997,17.17,18.200001,18.030001
1275364800,15057.7,1.13576830595221,401266,-0.0403559293322837,186485,0.0729813414614514,106.459999,111.059998,106.82,117.050003,120.25,119.190002,16.940001,18.35,17.049999
1275883200,15057.7,1.13576830595221,404480,0.800964945946081,189532,1.63391157465748,104.650002,109.75,109.68,118.620003,122.449997,120.010002,16.969999,18.110001,17.85
1276488000,15057.7,1.13576830595221,404480,0.800964945946081,189532,1.63391157465748,109.400002,112.419998,111.730003,118.959999,123.50,122.830002,17.860001,18.879999,18.75
1277092800,15057.7,1.13576830595221,404480,0.800964945946081,189532,1.63391157465748,106.769997,113.199997,107.870003,119.769997,123.129997,122.760002,17.950001,18.940001,18.67
1277697600,15057.7,1.13576830595221,404480,0.800964945946081,189532,1.63391157465748,101.129997,108.32,102.199997,116.980003,123.559998,118.489998,17.26,18.85,17.459999
1278388800,15230.2,1.14559328449896,409075,1.13602650316456,192145,1.37865901272608,101.879997,107.970001,107.959999,116.099998,118.730003,118.360001,17.24,17.85,17.73
1278907200,15230.2,1.14559328449896,409075,1.13602650316456,192145,1.37865901272608,106.449997,110.089996,106.660004,115.949997,119.129997,116.669998,17.360001,18.10,17.49
1279512000,15230.2,1.14559328449896,409075,1.13602650316456,192145,1.37865901272608,105.82,110.57,110.410004,115.110001,117.50,116.089996,17.07,17.860001,17.719999
1280116800,15230.2,1.14559328449896,409075,1.13602650316456,192145,1.37865901272608,108.980003,112.290001,110.269997,113.080002,116.470001,115.489998,17.059999,17.84,17.58
1280721600,15230.2,1.14559328449896,420847,2.87771191101876,200308,4.24835410757501,110.919998,113.110001,112.389999,115.199997,118.419998,117.839996,17.809999,18.299999,18.07
1281326400,15230.2,1.14559328449896,420847,2.87771191101876,200308,4.24835410757501,107.599998,113.18,108.309998,116.400002,118.889999,118.739998,17.43,18.08,17.74
1281931200,15230.2,1.14559328449896,420847,2.87771191101876,200308,4.24835410757501,106.75,110.389999,107.529999,119.00,120.989998,119.970001,17.48,18.23,17.59
1282536000,15230.2,1.14559328449896,420847,2.87771191101876,200308,4.24835410757501,104.290001,108.57,106.860001,118.709999,122.949997,121.010002,17.48,18.93,18.700001
1283140800,15230.2,1.14559328449896,420847,2.87771191101876,200308,4.24835410757501,104.489998,110.989998,110.889999,120.580002,122.480003,121.860001,18.60,19.530001,19.42
1283832000,15230.2,1.14559328449896,419109,-0.412976687489753,194686,-2.80667771631687,109.550003,111.68,111.480003,121.379997,123.419998,121.730003,19.299999,19.629999,19.42
1284350400,15230.2,1.14559328449896,419109,-0.412976687489753,194686,-2.80667771631687,111.980003,113.290001,112.489998,121.389999,125.029999,124.540001,19.49,20.42,20.290001
1284955200,15230.2,1.14559328449896,419109,-0.412976687489753,194686,-2.80667771631687,112.18,114.900002,114.82,124.160004,127.00,126.690002,20.059999,21.02,21.01
1285560000,15230.2,1.14559328449896,419109,-0.412976687489753,194686,-2.80667771631687,113.18,115.790001,114.610001,126.110001,129.070007,128.910004,20.73,21.719999,21.65
1286164800,15238.4,0.0538403960551989,425950,1.63227227284549,196672,1.02010416773677,113.18,116.860001,116.540001,128.220001,132.669998,131.660004,21.42,22.879999,22.73
1286769600,15238.4,0.0538403960551989,425950,1.63227227284549,196672,1.02010416773677,115.650002,118.550003,117.699997,130.979996,134.850006,133.679993,22.51,24.059999,23.75
1287374400,15238.4,0.0538403960551989,425950,1.63227227284549,196672,1.02010416773677,116.019997,119.089996,118.349998,128.720001,134.339996,129.729996,22.52,23.98,22.76
1287979200,15238.4,0.0538403960551989,425950,1.63227227284549,196672,1.02010416773677,117.260002,119.760002,118.489998,128.789993,132.820007,132.619995,22.700001,24.17,24.17
1288584000,15238.4,0.0538403960551989,425950,1.63227227284549,196672,1.02010416773677,117.849998,122.919998,122.720001,129.479996,136.610001,136.380005,23.41,26.34,26.200001
1289192400,15238.4,0.0538403960551989,430305,1.02242047188637,194933,-0.884213309469574,119.650002,122.949997,120.199997,132.820007,139.149994,133.690002,25.219999,28.719999,25.52
1289797200,15238.4,0.0538403960551989,430305,1.02242047188637,194933,-0.884213309469574,117.589996,121.050003,120.290001,129.830002,134.490005,132.199997,24.440001,26.799999,26.74
1290402000,15238.4,0.0538403960551989,430305,1.02242047188637,194933,-0.884213309469574,117.989998,120.239998,118.800003,131.690002,135.070007,133.110001,25.950001,27.219999,26.129999
1291006800,15238.4,0.0538403960551989,430305,1.02242047188637,194933,-0.884213309469574,117.739998,123.029999,122.889999,132.330002,138.110001,138.070007,25.91,28.77,28.60
1291611600,15238.4,0.0538403960551989,446610,3.78917279604002,204711,5.0160824488414,122.410004,124.599998,124.480003,133.880005,139.539993,135.410004,27.34,30.00,27.98
1292216400,15238.4,0.0538403960551989,446610,3.78917279604002,204711,5.0160824488414,123.75,125.230003,124.300003,132.860001,137.210007,134.199997,27.67,29.15,28.51
1292821200,15238.4,0.0538403960551989,446610,3.78917279604002,204711,5.0160824488414,123.980003,125.82,125.599998,133.929993,135.779999,134.660004,28.129999,28.860001,28.610001
1293426000,15238.4,0.0538403960551989,446610,3.78917279604002,204711,5.0160824488414,125.040001,126.199997,125.75,134.490005,138.770004,138.720001,28.43,30.25,30.18
1294030800,15460.9,1.46012704745905,436403,-2.28543919751013,194236,-5.116969776905,125.699997,127.830002,127.139999,133.100006,139.00,133.580002,27.91,30.440001,28.10
1294635600,15460.9,1.46012704745905,436403,-2.28543919751013,194236,-5.116969776905,126.199997,129.330002,129.300003,132.220001,135.679993,132.690002,27.450001,29.02,27.74
1295326800,15460.9,1.46012704745905,436403,-2.28543919751013,194236,-5.116969776905,127.129997,129.639999,128.369995,130.529999,134.399994,131.029999,26.540001,28.77,26.83
1295845200,15460.9,1.46012704745905,436403,-2.28543919751013,194236,-5.116969776905,127.510002,130.350006,127.720001,127.800003,131.630005,130.279999,26.030001,27.41,27.299999
1296450000,15460.9,1.46012704745905,436403,-2.28543919751013,194236,-5.116969776905,127.75,131.199997,131.149994,129.25,132.699997,131.660004,27.16,28.639999,28.40
1297054800,15460.9,1.46012704745905,461752,5.80862184723753,211908,9.09821042443213,131.300003,133.279999,133.110001,131.229996,133.50,132.320007,28.41,29.799999,29.209999
1297659600,15460.9,1.46012704745905,461752,5.80862184723753,211908,9.09821042443213,132.320007,134.690002,134.529999,132.699997,135.800003,135.410004,29.58,32.130001,31.790001
1298350800,15460.9,1.46012704745905,461752,5.80862184723753,211908,9.09821042443213,129.699997,134.559998,132.330002,135.729996,138.199997,137.380005,30.959999,33.00,32.560001
1298869200,15460.9,1.46012704745905,461752,5.80862184723753,211908,9.09821042443213,130.350006,133.690002,132.470001,137.029999,140.550003,139.350006,32.490002,34.740002,34.689999
1299474000,15460.9,1.46012704745905,454688,-1.52982553405291,200903,-5.1932914283557,129.490005,133.160004,130.839996,136.850006,140.610001,138.220001,33.34,35.779999,35.029999
1300075200,15460.9,1.46012704745905,454688,-1.52982553405291,200903,-5.1932914283557,125.279999,130.479996,127.760002,135.229996,139.550003,138.369995,33.009998,35.419998,34.27
1300680000,15460.9,1.46012704745905,454688,-1.52982553405291,200903,-5.1932914283557,128.320007,131.869995,131.300003,138.660004,141.279999,139.259995,34.880001,37.259998,36.389999
1301284800,15460.9,1.46012704745905,454688,-1.52982553405291,200903,-5.1932914283557,130.440002,133.770004,133.149994,137.679993,140.399994,139.199997,35.740002,37.049999,36.860001
1301889600,15587.1,0.816252611426248,458123,0.755463086775987,206091,2.58234073159684,132.309998,134.00,132.860001,139.449997,143.839996,143.660004,37.360001,39.900002,39.860001
1302494400,15587.1,0.816252611426248,458123,0.755463086775987,206091,2.58234073159684,130.270004,133.449997,132.039993,140.75,145.119995,145.050003,38.73,41.869999,41.84
1303099200,15587.1,0.816252611426248,458123,0.755463086775987,206091,2.58234073159684,129.509995,133.839996,133.779999,144.630005,147.059998,146.740005,41.169998,45.57,45.540001
1303704000,15587.1,0.816252611426248,458123,0.755463086775987,206091,2.58234073159684,133.199997,136.570007,136.429993,145.479996,153.029999,152.369995,43.549999,48.349998,46.880001
1304308800,15587.1,0.816252611426248,453350,-1.04185993717844,199884,-3.01177635122349,133.020004,137.179993,134.199997,142.550003,153.610001,145.300003,33.580002,46.23,34.48
1304913600,15587.1,0.816252611426248,453350,-1.04185993717844,199884,-3.01177635122349,133.389999,136.110001,134.039993,144.490005,148.190002,145.630005,31.969999,37.900002,34.389999
1305518400,15587.1,0.816252611426248,453350,-1.04185993717844,199884,-3.01177635122349,132.119995,135.029999,133.610001,143.419998,147.779999,147.490005,32.189999,34.689999,34.18
1306123200,15587.1,0.816252611426248,453350,-1.04185993717844,199884,-3.01177635122349,131.380005,133.869995,133.509995,146.970001,149.919998,149.699997,33.779999,37.279999,37.029999
1306814400,15587.1,0.816252611426248,453350,-1.04185993717844,199884,-3.01177635122349,130.080002,134.919998,130.419998,148.070007,151.130005,150.220001,34.610001,37.720001,35.34
1307332800,15587.1,0.816252611426248,461697,1.84118230947392,208592,4.35652678553561,127.260002,130.360001,127.599998,148.690002,151.449997,149.240005,35.18,36.709999,35.25
1307937600,15587.1,0.816252611426248,461697,1.84118230947392,208592,4.35652678553561,126.32,129.770004,127.050003,147.190002,150.289993,149.940002,33.689999,35.07,34.950001
1308542400,15587.1,0.816252611426248,461697,1.84118230947392,208592,4.35652678553561,126.190002,129.809998,126.809998,145.970001,151.860001,146.259995,33.290001,35.849998,33.360001
1309147200,15587.1,0.816252611426248,461697,1.84118230947392,208592,4.35652678553561,126.639999,134.100006,133.919998,143.970001,147.419998,144.929993,32.529999,34.18,33.00
1309838400,15785.3,1.27156430638155,467962,1.35695055415132,215290,3.21105315640101,133.110001,135.699997,134.399994,146.850006,150.50,150.25,33.959999,35.900002,35.75
1310356800,15785.3,1.27156430638155,467962,1.35695055415132,215290,3.21105315640101,130.679993,133.220001,131.690002,150.199997,155.289993,155.199997,34.02,38.369999,38.240002
1310961600,15785.3,1.27156430638155,467962,1.35695055415132,215290,3.21105315640101,129.630005,134.820007,134.580002,154.100006,156.580002,156.119995,37.23,39.689999,39.07
1311566400,15785.3,1.27156430638155,467962,1.35695055415132,215290,3.21105315640101,127.970001,134.490005,129.330002,156.110001,159.25,158.289993,38.310001,40.349998,38.849998
1312171200,15785.3,1.27156430638155,467962,1.35695055415132,215290,3.21105315640101,116.860001,130.960007,120.080002,156.779999,163.869995,161.75,36.549999,41.189999,37.32
1312776000,15785.3,1.27156430638155,461648,-1.34925485402661,208277,-3.25746667285986,110.269997,120.120003,118.120003,164.759995,175.130005,169.970001,36.040001,38.599998,38.119999
1313380800,15785.3,1.27156430638155,461648,-1.34925485402661,208277,-3.25746667285986,112.50,121.199997,112.639999,168.949997,181.669998,179.949997,38.18,41.73,41.68
1313985600,15785.3,1.27156430638155,461648,-1.34925485402661,208277,-3.25746667285986,112.410004,119.400002,117.970001,165.880005,184.820007,177.470001,38.049999,42.779999,40.41
1314590400,15785.3,1.27156430638155,461648,-1.34925485402661,208277,-3.25746667285986,117.43,123.510002,117.849998,172.880005,183.509995,183.240005,39.25,42.299999,42.18
1315281600,15785.3,1.27156430638155,461331,-0.0686670363567047,208553,0.132515832281049,114.379997,120.940002,115.919998,174.449997,185.850006,180.699997,39.209999,41.580002,40.52
1315800000,15785.3,1.27156430638155,461331,-0.0686670363567047,208553,0.132515832281049,114.050003,121.970001,121.519997,172.559998,179.539993,176.029999,38.299999,40.23,39.389999
1316404800,15785.3,1.27156430638155,461331,-0.0686670363567047,208553,0.132515832281049,111.300003,121.989998,113.540001,158.550003,176.860001,159.800003,29.049999,39.639999,29.98
1317009600,15785.3,1.27156430638155,461331,-0.0686670363567047,208553,0.132515832281049,112.980003,119.559998,113.150002,154.190002,162.289993,158.059998,27.41,32.619999,28.91
1317614400,15973.9,1.1947824875042,471919,2.29509831335852,216970,4.03590454225065,107.43,117.25,115.709999,155.270004,161.580002,159.179993,27.90,31.719999,30.23
1318219200,15973.9,1.1947824875042,471919,2.29509831335852,216970,4.03590454225065,117.669998,122.599998,122.57,160.820007,164.00,163.399994,30.610001,31.959999,31.34
1318824000,15973.9,1.1947824875042,471919,2.29509831335852,216970,4.03590454225065,119.199997,124.120003,123.970001,156.050003,164.160004,159.520004,29.139999,31.49,30.48
1319428800,15973.9,1.1947824875042,471919,2.29509831335852,216970,4.03590454225065,122.209999,129.419998,128.600006,160.220001,170.289993,169.619995,30.52,34.439999,34.27
1320033600,15973.9,1.1947824875042,471919,2.29509831335852,216970,4.03590454225065,121.519997,128.619995,125.480003,163.610001,172.039993,170.850006,31.50,33.810001,33.200001
1320642000,15973.9,1.1947824875042,481285,1.98466262218728,226853,4.55500760473798,122.860001,128.020004,126.660004,168.830002,175.460007,173.960007,32.23,34.389999,33.740002
1321246800,15973.9,1.1947824875042,481285,1.98466262218728,226853,4.55500760473798,121.230003,127.449997,121.980003,166.389999,173.860001,167.619995,30.209999,33.889999,31.40
1321851600,15973.9,1.1947824875042,481285,1.98466262218728,226853,4.55500760473798,116.199997,120.349998,116.339996,162.070007,166.710007,163.399994,29.83,32.169998,30.200001
1322456400,15973.9,1.1947824875042,481285,1.98466262218728,226853,4.55500760473798,118.82,126.50,124.860001,165.979996,170.800003,169.820007,30.889999,32.529999,31.65
1323061200,15973.9,1.1947824875042,479760,-0.316860072514207,224549,-1.01563567596637,123.650002,127.260002,126.050003,165.529999,169.949997,166.399994,30.52,32.099998,31.33
1323666000,15973.9,1.1947824875042,479760,-0.316860072514207,224549,-1.01563567596637,121.300003,125.57,121.589996,151.710007,163.190002,155.229996,27.700001,31.129999,28.85
1324270800,15973.9,1.1947824875042,479760,-0.316860072514207,224549,-1.01563567596637,120.029999,126.43,126.389999,154.360001,157.529999,156.309998,27.90,28.82,28.280001
1324962000,15973.9,1.1947824875042,479760,-0.316860072514207,224549,-1.01563567596637,124.730003,126.82,125.50,148.270004,155.550003,151.990005,25.65,28.370001,26.940001
1325566800,16121.9,0.926511371675045,480880,0.233450058362515,223657,-0.397240691341311,126.43,128.380005,127.709999,154.550003,158.630005,157.199997,27.83,28.92,27.91
1326085200,16121.9,0.926511371675045,480880,0.233450058362515,223657,-0.397240691341311,127.410004,129.699997,128.839996,156.190002,161.619995,159.259995,27.99,29.84,28.82
1326776400,16121.9,0.926511371675045,480880,0.233450058362515,223657,-0.397240691341311,128.899994,131.949997,131.949997,159.679993,162.089996,162.070007,29.08,31.25,31.219999
1327294800,16121.9,0.926511371675045,480880,0.233450058362515,223657,-0.397240691341311,130.600006,133.399994,131.820007,160.289993,169.00,168.970001,30.67,33.00,32.959999
1327899600,16121.9,0.926511371675045,480880,0.233450058362515,223657,-0.397240691341311,130.059998,134.619995,134.539993,167.509995,171.229996,167.639999,32.02,33.450001,32.689999
1328504400,16121.9,0.926511371675045,480010,-0.180918316419897,221505,-0.962187635531193,133.639999,135.589996,134.360001,166.330002,170.369995,167.139999,32.369999,33.470001,32.509998
1329109200,16121.9,0.926511371675045,480010,-0.180918316419897,221505,-0.962187635531193,134.25,136.630005,136.410004,166.169998,168.75,167.350006,31.82,32.91,32.279999
1329800400,16121.9,0.926511371675045,480010,-0.180918316419897,221505,-0.962187635531193,135.50,137.199997,136.929993,169.589996,173.770004,172.229996,32.849998,34.650002,34.369999
1330318800,16121.9,0.926511371675045,480010,-0.180918316419897,221505,-0.962187635531193,135.800003,138.190002,137.309998,164.00,174.00,166.339996,32.900002,36.439999,33.759998
1330923600,16121.9,0.926511371675045,475238,-0.994145955292598,219540,-0.88711315771653,134.360001,137.929993,137.570007,161.779999,166.570007,166.380005,31.540001,33.599998,33.220001
1331524800,16121.9,0.926511371675045,475238,-0.994145955292598,219540,-0.88711315771653,137.089996,140.779999,140.300003,158.800003,165.580002,161.300003,30.73,32.919998,31.59
1332129600,16121.9,0.926511371675045,475238,-0.994145955292598,219540,-0.88711315771653,138.550003,141.279999,139.649994,158.130005,162.300003,161.529999,30.209999,32.139999,31.24
1332734400,16121.9,0.926511371675045,475238,-0.994145955292598,219540,-0.88711315771653,139.089996,141.830002,140.809998,159.809998,164.889999,162.119995,30.719999,32.18,31.379999
1333339200,16227.9,0.657490742406292,470248,-1.05000021042088,217293,-1.02350368953266,139.259995,142.210007,139.789993,156.580002,163.559998,158.309998,30.110001,32.34,30.719999
1333944000,16227.9,0.657490742406292,470248,-1.05000021042088,217293,-1.02350368953266,135.759995,139.839996,137.139999,158.470001,163.199997,160.850006,30.23,31.639999,30.549999
1334548800,16227.9,0.657490742406292,470248,-1.05000021042088,217293,-1.02350368953266,136.580002,139.360001,137.949997,158.75,161.179993,159.539993,30.389999,31.110001,30.75
1335153600,16227.9,0.657490742406292,470248,-1.05000021042088,217293,-1.02350368953266,135.940002,140.789993,140.389999,157.759995,161.970001,161.380005,29.09,30.52,30.370001
1335758400,16227.9,0.657490742406292,470248,-1.05000021042088,217293,-1.02350368953266,136.919998,141.660004,137.00,158.369995,162.179993,159.470001,28.99,30.440001,29.41
1336363200,16227.9,0.657490742406292,464213,-1.2833653731648,219155,0.856907493568592,134.490005,137.559998,135.610001,153.240005,159.339996,153.559998,27.59,29.379999,28.08
1336968000,16227.9,0.657490742406292,464213,-1.2833653731648,219155,0.856907493568592,129.550003,135.610001,129.740005,148.600006,155.130005,154.550003,25.99,28.09,27.790001
1337572800,16227.9,0.657490742406292,464213,-1.2833653731648,219155,0.856907493568592,129.949997,133.229996,132.100006,148.839996,154.949997,152.679993,26.33,27.959999,27.620001
1338264000,16227.9,0.657490742406292,464213,-1.2833653731648,219155,0.856907493568592,128.160004,133.929993,128.160004,148.529999,158.309998,157.50,26.59,27.879999,27.620001
1338782400,16227.9,0.657490742406292,473925,2.09214304640327,224520,2.44803905911341,127.139999,133.529999,133.100006,153.00,159.199997,154.729996,27.17,29.02,27.75
1339387200,16227.9,0.657490742406292,473925,2.09214304640327,224520,2.44803905911341,131.160004,134.259995,134.139999,153.550003,158.460007,157.839996,27.34,28.26,27.809999
1339992000,16227.9,0.657490742406292,473925,2.09214304640327,224520,2.44803905911341,132.330002,136.25,133.460007,151.210007,158.210007,152.639999,25.799999,27.98,26.15
1340596800,16227.9,0.657490742406292,473925,2.09214304640327,224520,2.44803905911341,130.850006,136.270004,136.100006,150.149994,155.949997,155.190002,25.34,26.959999,26.65
1341201600,16297.3,0.427658538689539,457622,-3.43999577992298,202185,-9.94788882950294,134.850006,137.800003,135.490005,152.949997,157.720001,153.710007,26.139999,27.60,26.299999
1341806400,16297.3,0.427658538689539,457622,-3.43999577992298,202185,-9.94788882950294,132.600006,136.229996,135.75,150.850006,155.179993,154.139999,25.73,26.75,26.440001
1342411200,16297.3,0.427658538689539,457622,-3.43999577992298,202185,-9.94788882950294,134.550003,138.179993,136.470001,152.399994,154.75,153.669998,25.98,26.65,26.48
1343016000,16297.3,0.427658538689539,457622,-3.43999577992298,202185,-9.94788882950294,133.029999,139.070007,138.679993,152.199997,157.960007,157.539993,25.82,26.99,26.959999
1343620800,16297.3,0.427658538689539,457622,-3.43999577992298,202185,-9.94788882950294,135.580002,139.639999,139.350006,153.610001,157.720001,155.550003,26.129999,27.389999,26.959999
1344225600,16297.3,0.427658538689539,473758,3.52605425438462,215073,6.37436011573559,139.559998,140.919998,140.839996,155.740005,157.820007,157.179993,26.84,27.48,27.26
1344830400,16297.3,0.427658538689539,473758,3.52605425438462,215073,6.37436011573559,140.039993,142.300003,142.179993,154.830002,157.449997,156.720001,26.870001,27.440001,27.23
1345435200,16297.3,0.427658538689539,473758,3.52605425438462,215073,6.37436011573559,140.220001,143.089996,141.509995,156.470001,162.449997,161.970001,27.24,29.879999,29.74
1346040000,16297.3,0.427658538689539,473758,3.52605425438462,215073,6.37436011573559,140.190002,142.080002,141.160004,159.559998,164.220001,164.220001,29.280001,30.799999,30.790001
1346731200,16297.3,0.427658538689539,479359,1.1822491651856,219319,1.97421340661078,140.130005,144.389999,144.330002,163.660004,169.00,168.440002,30.98,32.700001,32.639999
1347249600,16297.3,0.427658538689539,479359,1.1822491651856,219319,1.97421340661078,143.460007,148.110001,147.240005,166.300003,172.229996,171.800003,31.459999,33.75,33.599998
1347854400,16297.3,0.427658538689539,479359,1.1822491651856,219319,1.97421340661078,145.630005,147.190002,145.869995,170.059998,173.179993,171.960007,32.77,34.049999,33.48
1348459200,16297.3,0.427658538689539,479359,1.1822491651856,219319,1.97421340661078,142.949997,146.240005,143.970001,168.339996,172.600006,171.889999,32.400002,33.68,33.48
1349064000,16297.3,0.427658538689539,479359,1.1822491651856,219319,1.97421340661078,143.830002,147.160004,146.139999,171.589996,174.070007,172.619995,33.23,34.080002,33.450001
1349668800,16475.4,1.09281905591725,477199,-0.450601741075061,217917,-0.639251501237923,142.580002,146.119995,142.889999,169.809998,172.279999,170.059998,32.419998,33.23,32.450001
1350273600,16475.4,1.09281905591725,477199,-0.450601741075061,217917,-0.639251501237923,142.770004,146.520004,143.389999,166.229996,169.949997,166.970001,30.92,32.23,31.10
1350878400,16475.4,1.09281905591725,477199,-0.450601741075061,217917,-0.639251501237923,140.389999,143.669998,141.350006,164.600006,167.630005,165.929993,30.530001,31.440001,31.08
1351656000,16475.4,1.09281905591725,477199,-0.450601741075061,217917,-0.639251501237923,140.679993,143.720001,141.559998,162.300003,167.279999,162.600006,29.84,31.52,29.950001
1352091600,16475.4,1.09281905591725,488583,2.385587564098,229811,5.45804136437267,137.550003,143.520004,138.160004,162.809998,168.539993,167.820007,29.93,31.76,31.540001
1352696400,16475.4,1.09281905591725,488583,2.385587564098,229811,5.45804136437267,134.699997,139.25,136.369995,165.179993,168.279999,165.880005,31.00,31.889999,31.209999
1353301200,16475.4,1.09281905591725,488583,2.385587564098,229811,5.45804136437267,136.410004,141.399994,141.350006,166.839996,170.009995,169.610001,31.74,33.080002,32.98
1353906000,16475.4,1.09281905591725,488583,2.385587564098,229811,5.45804136437267,139.00,142.509995,142.149994,165.380005,169.729996,166.050003,31.91,33.310001,32.360001
1354510800,16475.4,1.09281905591725,480266,-1.70226962460831,217899,-5.18338982903342,140.369995,142.919998,142.410004,163.199997,166.919998,165.160004,31.48,32.77,32.029999
1355115600,16475.4,1.09281905591725,480266,-1.70226962460831,217899,-5.18338982903342,141.880005,144.550003,142.100006,163.779999,166.940002,164.130005,31.15,32.709999,31.17
1355720400,16475.4,1.09281905591725,480266,-1.70226962460831,217899,-5.18338982903342,141.940002,145.580002,142.789993,158.389999,164.619995,160.330002,28.65,31.360001,29.00
1356325200,16475.4,1.09281905591725,480266,-1.70226962460831,217899,-5.18338982903342,139.869995,142.710007,140.029999,160.050003,161.490005,160.539993,28.860001,29.50,29.10
1356930000,16475.4,1.09281905591725,480266,-1.70226962460831,217899,-5.18338982903342,139.539993,146.610001,146.369995,158.889999,164.139999,160.440002,28.610001,30.469999,29.24
1357534800,16541.4,0.400597254087913,497311,3.54907488766642,229948,5.52962611117995,144.979996,147.149994,147.070007,159.149994,162.559998,161.059998,28.950001,29.940001,29.48
1358139600,16541.4,0.400597254087913,497311,3.54907488766642,229948,5.52962611117995,146.199997,148.490005,148.330002,161.130005,164.399994,163.089996,29.75,31.040001,30.809999
1358830800,16541.4,0.400597254087913,497311,3.54907488766642,229948,5.52962611117995,147.979996,150.25,150.25,160.309998,164.220001,160.649994,30.10,31.41,30.209999
1359349200,16541.4,0.400597254087913,497311,3.54907488766642,229948,5.52962611117995,149.509995,151.419998,151.240005,160.020004,163.039993,161.449997,29.73,31.219999,30.780001
1359954000,16541.4,0.400597254087913,469353,-5.62183422445914,211676,-7.94614434567815,149.429993,151.889999,151.800003,161.130005,162.960007,161.570007,30.290001,30.940001,30.43
1360558800,16541.4,0.400597254087913,469353,-5.62183422445914,211676,-7.94614434567815,151.389999,152.610001,152.110001,154.559998,160.050003,155.759995,28.709999,30.129999,28.83
1361250000,16541.4,0.400597254087913,469353,-5.62183422445914,211676,-7.94614434567815,149.940002,153.279999,151.889999,150.839996,155.839996,152.970001,27.35,28.889999,27.83
1361768400,16541.4,0.400597254087913,469353,-5.62183422445914,211676,-7.94614434567815,148.729996,152.869995,152.110001,152.139999,156.800003,152.440002,27.459999,28.50,27.620001
1362373200,16541.4,0.400597254087913,476207,1.460308126293,221018,4.41334870273437,151.520004,155.649994,155.440002,151.399994,153.389999,152.710007,27.49,28.299999,28.01
1362974400,16541.4,0.400597254087913,476207,1.460308126293,221018,4.41334870273437,155.130005,156.800003,155.830002,152.649994,154.720001,154.00,27.690001,28.389999,27.799999
1363579200,16541.4,0.400597254087913,476207,1.460308126293,221018,4.41334870273437,153.589996,155.949997,155.600006,154.880005,156.429993,155.550003,27.51,28.33,27.75
1364184000,16541.4,0.400597254087913,476207,1.460308126293,221018,4.41334870273437,154.350006,156.850006,156.669998,154.220001,155.619995,154.449997,27.17,27.950001,27.42
1364788800,16541.4,0.400597254087913,476207,1.460308126293,221018,4.41334870273437,153.770004,157.210007,155.160004,149.440002,154.929993,152.809998,25.74,27.15,26.389999
1365393600,16749.3,1.25684645797815,489172,2.7225555273232,231237,4.62360531721398,154.75,159.710007,158.800003,143.429993,153.850006,143.949997,25.17,27.139999,25.280001
1365998400,16749.3,1.25684645797815,489172,2.7225555273232,231237,4.62360531721398,153.550003,158.130005,155.479996,130.509995,136.75,135.470001,21.959999,23.10,22.40
1366603200,16749.3,1.25684645797815,489172,2.7225555273232,231237,4.62360531721398,154.75,159.270004,158.240005,135.850006,143.429993,140.910004,21.99,23.700001,23.10
1367208000,16749.3,1.25684645797815,489172,2.7225555273232,231237,4.62360531721398,158.100006,161.880005,161.369995,139.300003,142.830002,142.089996,22.469999,23.66,23.290001
1367812800,16749.3,1.25684645797815,494377,1.0640429133311,239620,3.62528488087979,161.419998,163.699997,163.410004,137.259995,142.809998,139.600006,22.40,23.280001,22.98
1368417600,16749.3,1.25684645797815,494377,1.0640429133311,239620,3.62528488087979,162.820007,167.039993,166.940002,131.020004,139.160004,131.070007,21.40,23.02,21.40
1369022400,16749.3,1.25684645797815,494377,1.0640429133311,239620,3.62528488087979,163.940002,169.070007,165.309998,130.850006,136.770004,133.759995,20.809999,22.549999,21.610001
1369713600,16749.3,1.25684645797815,494377,1.0640429133311,239620,3.62528488087979,163.130005,167.779999,163.449997,132.800003,137.110001,133.919998,21.41,22.33,21.440001
1370232000,16749.3,1.25684645797815,476550,-3.6059525422906,216297,-9.73332776896753,160.25,165.100006,164.800003,133.179993,137.619995,133.279999,20.84,22.190001,20.860001
1370836800,16749.3,1.25684645797815,476550,-3.6059525422906,216297,-9.73332776896753,161.300003,165.399994,163.179993,132.240005,134.830002,134.429993,20.76,21.40,21.33
1371441600,16749.3,1.25684645797815,476550,-3.6059525422906,216297,-9.73332776896753,157.470001,165.990005,159.070007,123.330002,134.059998,125.050003,18.879999,21.200001,19.389999
1372046400,16749.3,1.25684645797815,476550,-3.6059525422906,216297,-9.73332776896753,155.729996,161.820007,160.419998,114.68,124.699997,119.110001,17.75,19.190001,18.969999
1372651200,16749.3,1.25684645797815,476550,-3.6059525422906,216297,-9.73332776896753,160.220001,163.080002,163.020004,116.739998,121.949997,118.089996,18.059999,19.190001,18.209999
1373256000,16999.9,1.49618192999112,480399,0.807680201447907,220679,2.02591806636246,163.080002,167.929993,167.509995,118.93,124.360001,124.129997,18.40,19.50,19.209999
1373860800,16999.9,1.49618192999112,480399,0.807680201447907,220679,2.02591806636246,167.070007,169.270004,169.169998,122.730003,125.699997,125.110001,18.58,19.440001,18.879999
1374465600,16999.9,1.49618192999112,480399,0.807680201447907,220679,2.02591806636246,167.520004,169.860001,169.110001,126.779999,130.139999,128.779999,18.969999,19.889999,19.32
1375070400,16999.9,1.49618192999112,480399,0.807680201447907,220679,2.02591806636246,168.110001,170.970001,170.949997,126.129997,128.919998,126.360001,18.709999,19.42,19.120001
1375675200,16999.9,1.49618192999112,488230,1.63010330995693,229220,3.87032748924909,168.550003,170.960007,169.309998,123.550003,127.269997,126.860001,18.719999,19.870001,19.76
1376280000,16999.9,1.49618192999112,488230,1.63010330995693,229220,3.87032748924909,165.50,169.899994,165.830002,127.379997,133.270004,132.580002,20.48,22.59,22.34
1376884800,16999.9,1.49618192999112,488230,1.63010330995693,229220,3.87032748924909,164.190002,166.830002,166.619995,131.509995,135.240005,134.899994,22.02,23.25,23.15
1377489600,16999.9,1.49618192999112,488230,1.63010330995693,229220,3.87032748924909,163.050003,167.300003,163.649994,134.149994,137.550003,134.619995,22.549999,23.84,22.60
1378180800,16999.9,1.49618192999112,483415,-0.986215513180263,224830,-1.91519064654044,163.699997,166.979996,166.039993,131.800003,136.789993,134.149994,22.18,23.58,22.969999
1378699200,16999.9,1.49618192999112,483415,-0.986215513180263,224830,-1.91519064654044,166.449997,169.559998,169.330002,126.209999,134.320007,127.82,20.84,22.950001,21.42
1379304000,16999.9,1.49618192999112,483415,-0.986215513180263,224830,-1.91519064654044,170.039993,173.600006,170.720001,125.150002,132.779999,127.959999,20.450001,22.58,21.00
1379908800,16999.9,1.49618192999112,483415,-0.986215513180263,224830,-1.91519064654044,168.470001,170.649994,168.910004,126.339996,129.580002,128.970001,20.65,21.15,20.959999
1380513600,16999.9,1.49618192999112,483415,-0.986215513180263,224830,-1.91519064654044,166.839996,169.50,168.889999,123.809998,129.139999,126.529999,19.879999,21.26,20.93
1381118400,17025.2,0.148824404849436,496630,2.73367603404942,236964,5.39696659698439,164.529999,170.320007,170.259995,121.849998,128.449997,122.599998,20.370001,21.67,20.52
1381723200,17025.2,0.148824404849436,496630,2.73367603404942,236964,5.39696659698439,169.080002,174.509995,174.389999,122.220001,127.860001,126.849998,20.33,21.17,21.110001
1382328000,17025.2,0.148824404849436,496630,2.73367603404942,236964,5.39696659698439,173.960007,176.00,175.949997,126.790001,130.919998,130.460007,21.370001,22.040001,21.709999
1382932800,17025.2,0.148824404849436,496630,2.73367603404942,236964,5.39696659698439,175.220001,177.509995,176.210007,126.050003,131.440002,126.949997,20.98,22.23,21.08
1383541200,17025.2,0.148824404849436,492396,-0.852546161125989,229057,-3.33679377458179,174.759995,177.639999,177.289993,123.620003,127.519997,124.279999,20.49,21.120001,20.690001
1384146000,17025.2,0.148824404849436,492396,-0.852546161125989,229057,-3.33679377458179,176.089996,180.119995,180.050003,121.730003,124.910004,124.32,19.700001,20.620001,20.00
1384750800,17025.2,0.148824404849436,492396,-0.852546161125989,229057,-3.33679377458179,177.979996,180.830002,180.809998,119.309998,123.959999,119.919998,19.00,19.92,19.129999
1385355600,17025.2,0.148824404849436,492396,-0.852546161125989,229057,-3.33679377458179,180.369995,181.75,181.00,119.129997,121.050003,120.699997,18.92,19.379999,19.24
1385960400,17025.2,0.148824404849436,484601,-1.58307541084818,221834,-3.15336357325906,178.350006,181.429993,180.940002,117.230003,120.760002,118.550003,18.280001,19.16,18.76
1386565200,17025.2,0.148824404849436,484601,-1.58307541084818,221834,-3.15336357325906,177.759995,181.669998,178.110001,118.029999,122.32,119.379997,18.709999,19.690001,18.950001
1387170000,17025.2,0.148824404849436,484601,-1.58307541084818,221834,-3.15336357325906,177.320007,181.990005,181.559998,114.50,120.769997,115.940002,18.42,19.540001,18.620001
1387774800,17025.2,0.148824404849436,484601,-1.58307541084818,221834,-3.15336357325906,182.070007,184.179993,183.850006,115.43,117.379997,117.120003,18.65,19.34,19.27
1388379600,17025.2,0.148824404849436,484601,-1.58307541084818,221834,-3.15336357325906,182.479996,184.690002,182.889999,114.459999,119.620003,119.290001,18.26,19.48,19.42
1388984400,17285.6,1.52949745083757,493731,1.88402417659064,229392,3.40705212005373,182.080002,184.220001,184.139999,117.110001,120.43,120.260002,18.610001,19.59,19.379999
1389589200,17285.6,1.52949745083757,493731,1.88402417659064,229392,3.40705212005373,181.339996,184.940002,183.639999,119.110001,121.059998,120.93,19.24,19.84,19.51
1390280400,17285.6,1.52949745083757,493731,1.88402417659064,229392,3.40705212005373,178.830002,184.770004,178.889999,119.169998,122.50,122.290001,18.99,19.549999,19.16
1390798800,17285.6,1.52949745083757,493731,1.88402417659064,229392,3.40705212005373,176.880005,179.809998,178.179993,119.459999,122.510002,120.089996,18.389999,19.18,18.450001
1391403600,17285.6,1.52949745083757,495974,0.454295962781353,234525,2.23765432098765,173.710007,179.869995,179.679993,120.32,122.239998,122.169998,18.58,19.290001,19.27
1392008400,17285.6,1.52949745083757,495974,0.454295962781353,234525,2.23765432098765,179.210007,184.360001,184.020004,122.720001,127.379997,127.150002,19.25,20.65,20.65
1392699600,17285.6,1.52949745083757,495974,0.454295962781353,234525,2.23765432098765,182.600006,184.949997,183.889999,126.160004,128.070007,127.580002,20.559999,21.139999,20.969999
1393218000,17285.6,1.52949745083757,495974,0.454295962781353,234525,2.23765432098765,184.199997,187.149994,186.289993,127.150002,129.529999,127.620003,20.280001,21.299999,20.35
1393822800,17285.6,1.52949745083757,498468,0.50284893966216,236771,0.957680417865899,183.75,188.960007,188.259995,128.210007,130.589996,129.089996,19.959999,20.83,20.08
1394424000,17285.6,1.52949745083757,498468,0.50284893966216,236771,0.957680417865899,184.440002,188.710007,184.660004,128.779999,133.690002,133.100006,19.870001,20.92,20.620001
1395028800,17285.6,1.52949745083757,498468,0.50284893966216,236771,0.957680417865899,185.470001,189.020004,186.199997,127.580002,133.220001,128.470001,19.49,20.620001,19.52
1395633600,17285.6,1.52949745083757,498468,0.50284893966216,236771,0.957680417865899,183.899994,187.339996,185.490005,123.879997,127.139999,124.559998,18.870001,19.42,19.059999
1396238400,17285.6,1.52949745083757,498468,0.50284893966216,236771,0.957680417865899,185.520004,189.699997,186.399994,123.110001,125.959999,125.57,18.93,19.43,19.16
1396843200,17569.4,1.64182903688621,491733,-1.35113989263102,231610,-2.17974329626517,181.309998,187.169998,181.509995,124.839996,127.370003,126.93,18.950001,19.450001,19.190001
1397448000,17569.4,1.64182903688621,491733,-1.35113989263102,231610,-2.17974329626517,181.440002,186.910004,186.389999,124.57,128.25,124.75,18.67,19.32,18.879999
1398052800,17569.4,1.64182903688621,491733,-1.35113989263102,231610,-2.17974329626517,185.869995,188.399994,186.289993,122.839996,125.709999,125.43,18.57,19.139999,18.940001
1398657600,17569.4,1.64182903688621,491733,-1.35113989263102,231610,-2.17974329626517,184.960007,189.139999,188.059998,123.059998,125.669998,125.059998,18.16,18.92,18.690001
1399262400,17569.4,1.64182903688621,497378,1.14798071311057,236382,2.0603600880791,186.009995,189.050003,187.960007,123.82,126.629997,124.099998,18.309999,18.90,18.42
1399867200,17569.4,1.64182903688621,497378,1.14798071311057,236382,2.0603600880791,186.479996,190.419998,188.050003,124.290001,125.959999,124.50,18.52,19.08,18.610001
1400472000,17569.4,1.64182903688621,497378,1.14798071311057,236382,2.0603600880791,187.070007,190.479996,190.350006,123.529999,125.470001,124.510002,18.51,18.879999,18.66
1401163200,17569.4,1.64182903688621,497378,1.14798071311057,236382,2.0603600880791,190.949997,192.800003,192.679993,119.620003,123.07,120.43,17.91,18.42,18.08
1401681600,17569.4,1.64182903688621,548071,10.192047094966,290825,23.0317875303534,191.970001,195.429993,195.380005,119.419998,120.879997,120.610001,17.98,18.360001,18.280001
1402286400,17569.4,1.64182903688621,548071,10.192047094966,290825,23.0317875303534,193.110001,196.050003,194.130005,120.57,123.040001,122.959999,18.309999,18.950001,18.92
1402891200,17569.4,1.64182903688621,548071,10.192047094966,290825,23.0317875303534,193.660004,196.600006,195.940002,121.82,127.230003,126.50,18.809999,20.15,20.030001
1403496000,17569.4,1.64182903688621,548071,10.192047094966,290825,23.0317875303534,194.130005,196.50,195.820007,126.199997,127.550003,126.660004,19.969999,20.33,20.17
1404100800,17569.4,1.64182903688621,548071,10.192047094966,290825,23.0317875303534,195.529999,198.289993,198.199997,126.370003,128.240005,127.160004,19.93,20.440001,20.290001
1404705600,17692.2,0.698942479538284,494834,-9.71352251806792,237207,-18.4365168056391,195.059998,197.979996,196.610001,126.230003,129.210007,128.779999,19.99,20.639999,20.57
1405310400,17692.2,0.698942479538284,494834,-9.71352251806792,237207,-18.4365168056391,195.429993,198.259995,197.710007,124.360001,127.550003,126.129997,19.84,20.40,20.02
1405915200,17692.2,0.698942479538284,494834,-9.71352251806792,237207,-18.4365168056391,196.429993,199.059998,197.720001,123.900002,126.550003,125.790001,19.50,20.24,19.870001
1406520000,17692.2,0.698942479538284,494834,-9.71352251806792,237207,-18.4365168056391,191.570007,198.449997,192.50,123.230003,125.879997,124.379997,19.43,19.870001,19.52
1407124800,17692.2,0.698942479538284,490985,-0.777836607832121,234316,-1.21876673116729,190.550003,194.300003,193.240005,123.400002,126.510002,126.190002,18.98,19.58,19.190001
1407729600,17692.2,0.698942479538284,490985,-0.777836607832121,234316,-1.21876673116729,192.940002,196.649994,195.720001,124.410004,126.809998,125.480003,18.74,19.299999,18.860001
1408334400,17692.2,0.698942479538284,490985,-0.777836607832121,234316,-1.21876673116729,196.690002,199.759995,199.190002,122.449997,125.080002,123.190002,18.540001,18.90,18.690001
1408939200,17692.2,0.698942479538284,490985,-0.777836607832121,234316,-1.21876673116729,199.149994,200.820007,200.710007,122.720001,124.330002,123.860001,18.549999,18.870001,18.709999
1409630400,17692.2,0.698942479538284,485565,-1.1039033779036,232463,-0.790812407176633,199.410004,201.580002,201.110001,121.25,122.660004,122.059998,18.26,18.58,18.42
1410148800,17692.2,0.698942479538284,485565,-1.1039033779036,232463,-0.790812407176633,198.559998,201.210007,199.130005,118.07,121.610001,118.379997,17.76,18.370001,17.889999
1410753600,17692.2,0.698942479538284,485565,-1.1039033779036,232463,-0.790812407176633,198.380005,201.899994,200.699997,116.720001,119.43,117.089996,17.08,18.120001,17.190001
1411358400,17692.2,0.698942479538284,485565,-1.1039033779036,232463,-0.790812407176633,196.270004,200.380005,197.899994,116.199997,117.989998,117.059998,16.620001,17.15,16.90
1411963200,17692.2,0.698942479538284,485565,-1.1039033779036,232463,-0.790812407176633,192.350006,198.300003,196.520004,114.419998,117.400002,114.610001,16.040001,16.879999,16.120001
1412568000,17783.6,0.516611840245972,478628,-1.42864498058962,228448,-1.72715657975678,190.490005,197.600006,190.539993,114.940002,118.260002,117.589996,16.309999,16.969999,16.639999
1413172800,17783.6,0.516611840245972,478628,-1.42864498058962,228448,-1.72715657975678,181.919998,191.149994,188.470001,117.93,120.18,118.989998,16.50,17.09,16.58
1413777600,17783.6,0.516611840245972,478628,-1.42864498058962,228448,-1.72715657975678,188.070007,196.490005,196.429993,117.879997,120.50,118.349998,16.40,16.91,16.50
1414382400,17783.6,0.516611840245972,478628,-1.42864498058962,228448,-1.72715657975678,195.029999,201.820007,201.660004,111.660004,118.480003,112.660004,15.21,16.639999,15.50
1414990800,17783.6,0.516611840245972,468670,-2.08053018210385,225136,-1.44978288275669,200.059998,203.600006,203.339996,109.669998,113.150002,112.970001,14.64,15.56,15.10
1415595600,17783.6,0.516611840245972,468670,-2.08053018210385,225136,-1.44978288275669,203.130005,204.830002,204.240005,110.279999,114.720001,114.470001,14.77,15.72,15.63
1416200400,17783.6,0.516611840245972,468670,-2.08053018210385,225136,-1.44978288275669,203.649994,207.839996,206.679993,112.879997,115.959999,115.389999,15.24,15.93,15.79
1416805200,17783.6,0.516611840245972,468670,-2.08053018210385,225136,-1.44978288275669,206.800003,207.869995,207.199997,111.949997,115.470001,112.110001,14.80,16.00,14.83
1417410000,17783.6,0.516611840245972,468670,-2.08053018210385,225136,-1.44978288275669,205.380005,208.470001,208.00,113.739998,117.360001,114.43,15.22,16.09,15.61
1418014800,17783.6,0.516611840245972,464488,-0.892312287963812,229217,1.81268211214555,200.850006,208.119995,200.889999,114.459999,118.989998,117.410004,15.53,16.49,16.299999
1418619600,17783.6,0.516611840245972,464488,-0.892312287963812,229217,1.81268211214555,197.860001,212.970001,206.520004,113.580002,116.970001,114.769997,14.88,16.190001,15.39
1419224400,17783.6,0.516611840245972,464488,-0.892312287963812,229217,1.81268211214555,206.460007,208.850006,208.440002,112.410004,114.980003,114.830002,14.87,15.51,15.35
1419829200,17783.6,0.516611840245972,464488,-0.892312287963812,229217,1.81268211214555,204.179993,208.970001,205.429993,112.32,116.260002,114.080002,14.89,15.77,15.11
1420434000,17998.3,1.20729211183338,459664,-1.03856289075283,221503,-3.36536993329465,198.860001,206.419998,204.25,114.730003,117.50,117.260002,15.23,16.01,15.77
1421038800,17998.3,1.20729211183338,459664,-1.03856289075283,221503,-3.36536993329465,198.550003,205.479996,201.630005,117.32,123.150002,122.519997,15.76,17.09,16.950001
1421730000,17998.3,1.20729211183338,459664,-1.03856289075283,221503,-3.36536993329465,200.169998,206.259995,204.970001,123.349998,125.580002,124.230003,17.01,17.690001,17.51
1422248400,17998.3,1.20729211183338,459664,-1.03856289075283,221503,-3.36536993329465,198.679993,205.559998,199.449997,120.260002,124.639999,123.449997,16.030001,17.43,16.540001
1422853200,17998.3,1.20729211183338,471963,2.67565004002924,235120,6.14754653435845,197.860001,207.240005,205.550003,117.949997,123.160004,118.639999,15.85,16.92,16.030001
1423458000,17998.3,1.20729211183338,471963,2.67565004002924,235120,6.14754653435845,204.139999,209.839996,209.779999,117.00,119.400002,117.980003,16.02,16.700001,16.540001
1424149200,17998.3,1.20729211183338,471963,2.67565004002924,235120,6.14754653435845,208.729996,211.330002,211.240005,114.989998,116.540001,115.279999,15.50,15.90,15.54
1424667600,17998.3,1.20729211183338,471963,2.67565004002924,235120,6.14754653435845,210.479996,212.240005,210.660004,114.290001,117.07,116.160004,15.40,16.030001,15.87
1425272400,17998.3,1.20729211183338,468959,-0.636490572354189,231515,-1.53325961211296,207.100006,212.059998,207.50,111.699997,116.639999,111.860001,15.10,15.90,15.19
1425873600,17998.3,1.20729211183338,468959,-0.636490572354189,231515,-1.53325961211296,204.399994,208.789993,205.830002,110.160004,112.620003,110.879997,14.63,15.20,14.90
1426478400,17998.3,1.20729211183338,468959,-0.636490572354189,231515,-1.53325961211296,205.860001,211.270004,210.410004,109.769997,114.00,113.57,14.75,16.17,16.00
1427083200,17998.3,1.20729211183338,468959,-0.636490572354189,231515,-1.53325961211296,204.119995,211.110001,205.740005,113.489998,115.839996,115.059998,16.08,16.41,16.219999
1427688000,17998.3,1.20729211183338,468959,-0.636490572354189,231515,-1.53325961211296,204.509995,208.610001,206.440002,113.410004,115.989998,115.279999,15.85,16.35,16.02
1428292800,18141.9,0.797853130573455,460657,-1.77030401378372,223541,-3.44426926980973,205.210007,210.089996,210.039993,114.480003,117.470001,115.970001,15.44,16.57,15.77
1428897600,18141.9,0.797853130573455,460657,-1.77030401378372,223541,-3.44426926980973,207.009995,211.039993,207.949997,114.389999,115.790001,115.599998,15.44,15.73,15.56
1429502400,18141.9,0.797853130573455,460657,-1.77030401378372,223541,-3.44426926980973,208.899994,211.970001,211.649994,112.769997,115.559998,113.050003,14.93,15.40,15.06
1430107200,18141.9,0.797853130573455,460657,-1.77030401378372,223541,-3.44426926980973,207.619995,212.479996,210.720001,112.279999,116.620003,113.080002,15.13,15.99,15.47
1430712000,18141.9,0.797853130573455,474013,2.89933725092639,234699,4.99147807337356,206.759995,212.020004,211.619995,113.32,115.110001,113.970001,15.58,15.96,15.76
1431316800,18141.9,0.797853130573455,474013,2.89933725092639,234699,4.99147807337356,208.619995,212.610001,212.440002,113.080002,117.75,117.529999,15.50,16.809999,16.75
1431921600,18141.9,0.797853130573455,474013,2.89933725092639,234699,4.99147807337356,212.160004,213.779999,212.990005,115.32,117.879997,115.599998,16.139999,16.959999,16.34
1432612800,18141.9,0.797853130573455,474013,2.89933725092639,234699,4.99147807337356,210.199997,212.979996,211.139999,113.209999,114.480003,114.099998,15.82,16.16,15.99
1433131200,18141.9,0.797853130573455,474013,2.89933725092639,234699,4.99147807337356,208.979996,212.669998,209.770004,111.57,115.50,112.239998,15.29,16.42,15.39
1433736000,18141.9,0.797853130573455,471392,-0.552938421520085,236630,0.822755955500449,207.690002,212.089996,210.009995,112.129997,114.139999,113.230003,15.17,15.46,15.25
1434340800,18141.9,0.797853130573455,471392,-0.552938421520085,236630,0.822755955500449,207.789993,213.339996,210.809998,112.629997,115.610001,115.120003,15.20,15.70,15.42
1434945600,18141.9,0.797853130573455,471392,-0.552938421520085,236630,0.822755955500449,209.160004,212.589996,209.820007,112.129997,113.940002,112.559998,15.01,15.55,15.11
1435550400,18141.9,0.797853130573455,471392,-0.552938421520085,236630,0.822755955500449,205.279999,209.830002,207.309998,111.410004,113.230003,111.760002,14.80,15.18,14.95
1436155200,18222.8,0.445929037201163,460477,-2.31548265562419,229846,-2.86692304441533,204.110001,208.169998,207.479996,110.050003,112.580002,111.489998,14.03,15.15,14.88
1436760000,18222.8,0.445929037201163,460477,-2.31548265562419,229846,-2.86692304441533,208.940002,212.550003,212.479996,108.400002,111.139999,108.650002,14.19,14.85,14.23
1437364800,18222.8,0.445929037201163,460477,-2.31548265562419,229846,-2.86692304441533,207.600006,213.179993,208.00,103.43,106.650002,105.349998,13.73,14.35,14.02
1437969600,18222.8,0.445929037201163,460477,-2.31548265562419,229846,-2.86692304441533,206.259995,211.449997,210.50,103.860001,105.75,104.93,13.90,14.34,14.08
1438574400,18222.8,0.445929037201163,452625,-1.70518831559448,223693,-2.67700982396909,206.869995,211.309998,207.949997,103.779999,105.379997,104.650002,13.78,14.35,14.11
1439179200,18222.8,0.445929037201163,452625,-1.70518831559448,223693,-2.67700982396909,205.360001,210.669998,209.419998,104.919998,107.910004,106.849998,14.23,14.92,14.55
1439784000,18222.8,0.445929037201163,452625,-1.70518831559448,223693,-2.67700982396909,197.520004,210.679993,197.830002,106.309998,111.330002,111.129997,14.06,14.89,14.61
1440388800,18222.8,0.445929037201163,452625,-1.70518831559448,223693,-2.67700982396909,182.399994,199.839996,199.279999,107.080002,112.120003,108.699997,13.35,14.46,13.92
1440993600,18222.8,0.445929037201163,452625,-1.70518831559448,223693,-2.67700982396909,190.729996,199.130005,192.589996,107.07,109.769997,107.489998,13.76,14.29,13.92
1441684800,18222.8,0.445929037201163,463278,2.35360397680199,234513,4.83698640547536,194.25,199.470001,196.740005,105.269997,107.940002,106.160004,13.64,14.22,13.95
1442203200,18222.8,0.445929037201163,463278,2.35360397680199,234513,4.83698640547536,194.960007,202.889999,195.449997,105.68,109.379997,109.209999,13.67,14.62,14.47
1442808000,18222.8,0.445929037201163,463278,2.35360397680199,234513,4.83698640547536,190.559998,197.679993,192.850006,107.440002,110.82,109.809998,14.07,14.56,14.40
1443412800,18222.8,0.445929037201163,463278,2.35360397680199,234513,4.83698640547536,186.929993,195.029999,195.00,106.470001,109.32,108.989998,13.81,14.61,14.55
1444017600,18281.6,0.322672695743789,459779,-0.755270053833767,232507,-0.855389679889814,196.330002,201.899994,201.330002,108.459999,111.050003,110.870003,14.77,15.38,15.12
1444622400,18281.6,0.322672695743789,459779,-0.755270053833767,232507,-0.855389679889814,198.940002,203.289993,203.270004,111.010002,113.989998,112.489998,15.08,15.45,15.28
1445227200,18281.6,0.322672695743789,459779,-0.755270053833767,232507,-0.855389679889814,201.649994,207.949997,207.509995,110.959999,113.089996,111.50,14.91,15.24,15.12
1445832000,18281.6,0.322672695743789,459779,-0.755270053833767,232507,-0.855389679889814,205.789993,209.440002,207.929993,109.059998,113.25,109.300003,14.77,15.60,14.80
1446440400,18281.6,0.322672695743789,448710,-2.40746097581664,223402,-3.91601113084767,208.169998,211.660004,210.039993,104.019997,108.839996,104.099998,14.04,14.75,14.08
1447045200,18281.6,0.322672695743789,448710,-2.40746097581664,223402,-3.91601113084767,202.440002,209.490005,202.539993,103.040001,104.650002,103.559998,13.53,13.98,13.59
1447650000,18281.6,0.322672695743789,448710,-2.40746097581664,223402,-3.91601113084767,202.179993,210.119995,209.309998,101.980003,104.089996,103.089996,13.39,13.75,13.50
1448254800,18281.6,0.322672695743789,448710,-2.40746097581664,223402,-3.91601113084767,207.410004,209.979996,209.559998,100.989998,103.25,101.25,13.36,13.65,13.46
1448859600,18281.6,0.322672695743789,448710,-2.40746097581664,223402,-3.91601113084767,204.75,211.00,209.619995,100.529999,104.209999,104.019997,13.28,13.94,13.87
1449464400,18281.6,0.322672695743789,452786,0.908381805620557,231756,3.7394472744201,201.509995,209.729996,201.880005,101.849998,103.660004,103.110001,13.16,13.81,13.30
1450069200,18281.6,0.322672695743789,452786,0.908381805620557,231756,3.7394472744201,199.830002,208.479996,200.020004,100.230003,103.199997,102.040001,13.04,13.64,13.43
1450674000,18281.6,0.322672695743789,452786,0.908381805620557,231756,3.7394472744201,200.089996,206.330002,205.679993,102.209999,103.519997,103.050003,13.54,13.72,13.69
1451278800,18281.6,0.322672695743789,452786,0.908381805620557,231756,3.7394472744201,203.869995,207.789993,203.869995,101.309998,102.599998,101.459999,13.16,13.40,13.19
1451883600,18450.1,0.92169175564502,444277,-1.87925421722403,224081,-3.31167262120506,191.580002,201.899994,191.919998,102.489998,106.239998,105.68,13.19,13.71,13.30
1452488400,18450.1,0.92169175564502,444277,-1.87925421722403,224081,-3.31167262120506,185.520004,194.860001,187.809998,102.50,105.57,104.080002,13.10,13.53,13.24
1453179600,18450.1,0.92169175564502,444277,-1.87925421722403,224081,-3.31167262120506,181.020004,190.759995,190.520004,103.650002,106.160004,105.00,13.23,13.66,13.38
1453698000,18450.1,0.92169175564502,444277,-1.87925421722403,224081,-3.31167262120506,187.059998,193.880005,193.720001,105.599998,107.93,106.949997,13.50,13.88,13.59
1454302800,18450.1,0.92169175564502,444277,-1.87925421722403,224081,-3.31167262120506,187.100006,194.580002,187.949997,107.349998,112.349998,112.32,13.56,14.34,14.34
1454907600,18450.1,0.92169175564502,451814,1.69646414286582,228499,1.97160848086183,181.089996,188.339996,186.630005,112.980003,120.839996,118.360001,14.37,15.20,14.99
1455598800,18450.1,0.92169175564502,451814,1.69646414286582,228499,1.97160848086183,187.630005,193.320007,192.00,114.739998,118.599998,117.580002,14.50,14.82,14.64
1456117200,18450.1,0.92169175564502,451814,1.69646414286582,228499,1.97160848086183,189.320007,196.679993,195.089996,115.410004,119.860001,117.110001,13.97,14.84,14.02
1456722000,18450.1,0.92169175564502,451814,1.69646414286582,228499,1.97160848086183,193.330002,201.350006,200.429993,117.339996,122.370003,120.540001,14.01,15.04,14.76
1457326800,18450.1,0.92169175564502,459849,1.77838668124494,235729,3.16412763294369,197.380005,202.809998,202.759995,118.839996,121.879997,119.410004,14.47,14.97,14.72
1457928000,18450.1,0.92169175564502,459849,1.77838668124494,235729,3.16412763294369,201.050003,205.229996,204.380005,117.339996,121.18,119.800003,14.46,15.28,15.03
1458532800,18450.1,0.92169175564502,459849,1.77838668124494,235729,3.16412763294369,201.740005,205.229996,203.119995,116.160004,120.160004,116.330002,14.43,15.20,14.43
1459137600,18450.1,0.92169175564502,459849,1.77838668124494,235729,3.16412763294369,202.399994,207.139999,206.919998,115.550003,118.809998,116.93,14.09,14.74,14.34
1459742400,18450.1,0.92169175564502,454295,-1.20778777381271,228827,-2.92793843778237,203.089996,207.070007,204.50,115.00,118.849998,118.43,14.20,14.65,14.62
1460347200,18450.1,0.92169175564502,454295,-1.20778777381271,228827,-2.92793843778237,203.699997,208.600006,207.779999,116.949997,120.349998,117.919998,14.93,15.58,15.46
1460952000,18450.1,0.92169175564502,454295,-1.20778777381271,228827,-2.92793843778237,207.00,210.919998,208.970001,117.279999,120.550003,117.889999,15.41,16.51,16.139999
1461556800,18450.1,0.92169175564502,454295,-1.20778777381271,228827,-2.92793843778237,205.029999,209.809998,206.330002,118.110001,123.93,123.650002,16.10,17.09,16.98
1462161600,18450.1,0.92169175564502,446331,-1.7530459283065,219055,-4.2704750750567,203.880005,208.179993,205.720001,121.25,123.959999,123.18,16.389999,16.950001,16.629999
1462766400,18450.1,0.92169175564502,446331,-1.7530459283065,219055,-4.2704750750567,204.380005,208.539993,204.759995,120.080002,122.389999,121.709999,16.08,16.66,16.280001
1463371200,18450.1,0.92169175564502,446331,-1.7530459283065,219055,-4.2704750750567,202.779999,207.339996,205.490005,118.919998,122.970001,119.709999,15.53,16.549999,15.69
1463976000,18450.1,0.92169175564502,446331,-1.7530459283065,219055,-4.2704750750567,204.990005,210.25,210.240005,115.290001,119.599998,115.620003,15.34,15.73,15.39
1464667200,18450.1,0.92169175564502,446331,-1.7530459283065,219055,-4.2704750750567,208.860001,210.929993,210.279999,115.199997,118.889999,118.879997,15.04,15.64,15.61
1465185600,18450.1,0.92169175564502,452391,1.35773674694341,226948,3.60320467462509,209.429993,212.520004,210.070007,118.410004,122.099998,121.739998,15.54,16.530001,16.49
1465790400,18450.1,0.92169175564502,452391,1.35773674694341,226948,3.60320467462509,205.589996,210.369995,206.520004,122.029999,125.669998,123.949997,16.299999,16.92,16.60
1466395200,18450.1,0.92169175564502,452391,1.35773674694341,226948,3.60320467462509,202.720001,210.869995,203.240005,120.059998,126.82,126.00,16.32,17.07,16.889999
1467000000,18450.1,0.92169175564502,452391,1.35773674694341,226948,3.60320467462509,198.649994,210.490005,209.919998,125.059998,128.419998,128.410004,16.780001,18.92,18.74
1467691200,18450.1,0.92169175564502,453135,0.16445950516257,227257,0.136154537603328,207.059998,212.940002,212.649994,128.169998,131.149994,130.520004,18.50,19.24,19.219999
1468209600,18450.1,0.92169175564502,453135,0.16445950516257,227257,0.136154537603328,212.949997,217.009995,215.830002,126.029999,129.899994,126.839996,18.969999,19.450001,19.08
1468814400,18450.1,0.92169175564502,453135,0.16445950516257,227257,0.136154537603328,215.630005,217.369995,217.240005,125.309998,127.50,126.349998,18.360001,19.120001,18.67
1469419200,18450.1,0.92169175564502,453135,0.16445950516257,227257,0.136154537603328,215.619995,217.539993,217.119995,125.110001,129.410004,128.979996,18.34,19.40,19.35
1470024000,18450.1,0.92169175564502,453135,0.16445950516257,227257,0.136154537603328,214.25,218.229996,218.179993,127.389999,130.550003,127.550003,18.709999,19.709999,18.709999
1470628800,18450.1,0.92169175564502,453135,0.16445950516257,227257,0.136154537603328,217.229996,218.940002,218.460007,127.199997,129.259995,127.400002,18.68,19.32,18.719999
1471233600,18450.1,0.92169175564502,453135,0.16445950516257,227257,0.136154537603328,217.020004,219.50,218.539993,127.459999,129.169998,127.970001,18.33,18.950001,18.35
1471838400,18450.1,0.92169175564502,453135,0.16445950516257,227257,0.136154537603328,216.25,219.600006,217.289993,125.82,128.220001,126.050003,17.60,18.120001,17.719999
1472443200,18450.1,0.92169175564502,453135,0.16445950516257,227257,0.136154537603328,216.029999,218.869995,218.369995,124.550003,126.57,126.57,17.639999,18.440001,18.440001
1473134400,18450.1,0.92169175564502,453135,0.16445950516257,227257,0.136154537603328,213.25,219.220001,213.279999,126.699997,129.080002,126.75,18.10,19.120001,18.110001
1473652800,18450.1,0.92169175564502,453135,0.16445950516257,227257,0.136154537603328,212.309998,216.809998,213.369995,124.669998,126.919998,125.059998,17.74,18.219999,17.860001
1474257600,18450.1,0.92169175564502,453135,0.16445950516257,227257,0.136154537603328,213.029999,217.529999,215.990005,125.169998,128.199997,127.650002,18.110001,19.049999,18.68
1474862400,18450.1,0.92169175564502,453135,0.16445950516257,227257,0.136154537603328,213.619995,217.119995,216.300003,125.239998,128.039993,125.639999,17.959999,18.67,18.200001
1475467200,18450.1,0.92169175564502,453135,0.16445950516257,227257,0.136154537603328,213.990005,216.300003,215.039993,118.419998,125.459999,119.739998,16.23,18.110001,16.60
